,strict_matched,naive_swap,delta,se,p_value,significant,n_pairs
PairAcc,0.9296703296703297,0.9252747252747253,0.00439560439560438,0.003106834082655153,0.1322,False,455
StrictPairAcc,0.9171428571428571,0.9142857142857143,0.0028571428571428914,0.0028712046963188234,0.3669,False,350
